,p,glmnet,glmnetpp,relative
0,32,0.000113739,6.37694e-05,1.783598402995794
1,64,0.000167481,8.019610000000001e-05,2.0883933258599856
2,128,0.000267806,0.000109012,2.4566653212490364
3,256,0.0026606900000000003,0.0010898700000000002,2.441291163166249
4,512,0.009443950000000001,0.0035042600000000004,2.6949912392345317
5,1024,0.035255,0.00850851,4.14349868543376
6,2048,9.52683,4.40662,2.1619359055239618
